{
    "$schema": "https://schema.management.azure.com/schemas/2015-01-01/deploymentParameters.json#",
    "contentVersion": "1.0.0.0",
    "parameters": {
        "vaults_KeyVault1000_name": {
            "value": null
        },
        "namespaces_ServiceBus000_name": {
            "value": null
        },
        "secrets_AppKey_name": {
            "value": null
        },
        "queues_queue1_name": {
            "value": null
        },
        "AuthorizationRules_RootManageSharedAccessKey_name": {
            "value": null
        }
    }
}