{
    "$schema": "https://schema.management.azure.com/schemas/2015-01-01/deploymentTemplate.json#",
    "contentVersion": "1.0.0.0",
    "parameters": {
        "vaults_KeyVault1000_name": {
            "defaultValue": "KeyVault1000",
            "type": "String"
        },
        "namespaces_ServiceBus000_name": {
            "defaultValue": "ServiceBus000",
            "type": "String"
        },
        "secrets_AppKey_name": {
            "defaultValue": "AppKey",
            "type": "String"
        },
        "queues_queue1_name": {
            "defaultValue": "queue1",
            "type": "String"
        },
        "AuthorizationRules_RootManageSharedAccessKey_name": {
            "defaultValue": "RootManageSharedAccessKey",
            "type": "String"
        }
    },
    "variables": {},
    "resources": [
        {
            "comments": "Generalized from resource: '/subscriptions/d4767cf8-4fc2-420f-a754-fa05ba6cb8f9/resourceGroups/AzurePoc/providers/Microsoft.KeyVault/vaults/KeyVault1000'.",
            "type": "Microsoft.KeyVault/vaults",
            "name": "[parameters('vaults_KeyVault1000_name')]",
            "apiVersion": "2016-10-01",
            "location": "westus",
            "tags": {},
            "scale": null,
            "properties": {
                "sku": {
                    "family": "A",
                    "name": "standard"
                },
                "tenantId": "dd0cfd15-4558-4b12-8bad-ea26984fc417",
                "accessPolicies": [
                    {
                        "tenantId": "dd0cfd15-4558-4b12-8bad-ea26984fc417",
                        "objectId": "9c0ca76f-24dc-4f9a-96f5-e0b8fea976c5",
                        "permissions": {
                            "keys": [
                                "get",
                                "create",
                                "delete",
                                "list",
                                "update",
                                "import",
                                "backup",
                                "restore",
                                "recover"
                            ],
                            "secrets": [
                                "get",
                                "list",
                                "set",
                                "delete",
                                "backup",
                                "restore",
                                "recover"
                            ],
                            "certificates": [
                                "get",
                                "list",
                                "delete",
                                "create",
                                "import",
                                "update",
                                "managecontacts",
                                "getissuers",
                                "listissuers",
                                "setissuers",
                                "deleteissuers",
                                "manageissuers",
                                "recover"
                            ],
                            "storage": [
                                "get",
                                "list",
                                "delete",
                                "set",
                                "update",
                                "regeneratekey",
                                "setsas",
                                "listsas",
                                "getsas",
                                "deletesas"
                            ]
                        }
                    }
                ],
                "enabledForDeployment": false
            },
            "dependsOn": []
        },
        {
            "comments": "Generalized from resource: '/subscriptions/d4767cf8-4fc2-420f-a754-fa05ba6cb8f9/resourceGroups/AzurePoc/providers/Microsoft.ServiceBus/namespaces/ServiceBus000'.",
            "type": "Microsoft.ServiceBus/namespaces",
            "sku": {
                "name": "Standard",
                "tier": "Standard"
            },
            "name": "[parameters('namespaces_ServiceBus000_name')]",
            "apiVersion": "2017-04-01",
            "location": "West US",
            "tags": {},
            "scale": null,
            "properties": {
                "provisioningState": "Succeeded",
                "metricId": "[concat('d4767cf8-4fc2-420f-a754-fa05ba6cb8f9:servicebus000', parameters('namespaces_ServiceBus000_name'))]",
                "createdAt": "2018-12-23T07:54:27.917Z",
                "updatedAt": "2018-12-23T07:54:50.29Z",
                "serviceBusEndpoint": "[concat('https://', parameters('namespaces_ServiceBus000_name'),'.servicebus.windows.net:443/')]",
                "status": "Active"
            },
            "dependsOn": []
        },
        {
            "comments": "Generalized from resource: '/subscriptions/d4767cf8-4fc2-420f-a754-fa05ba6cb8f9/resourceGroups/AzurePoc/providers/Microsoft.KeyVault/vaults/KeyVault1000/secrets/AppKey'.",
            "type": "Microsoft.KeyVault/vaults/secrets",
            "name": "[concat(parameters('vaults_KeyVault1000_name'), '/', parameters('secrets_AppKey_name'))]",
            "apiVersion": "2016-10-01",
            "location": "westus",
            "tags": {
                "file-encoding": "utf-8"
            },
            "scale": null,
            "properties": {
                "attributes": {
                    "enabled": true
                }
            },
            "dependsOn": [
                "[resourceId('Microsoft.KeyVault/vaults', parameters('vaults_KeyVault1000_name'))]"
            ]
        },
        {
            "comments": "Generalized from resource: '/subscriptions/d4767cf8-4fc2-420f-a754-fa05ba6cb8f9/resourcegroups/AzurePoc/providers/Microsoft.ServiceBus/namespaces/ServiceBus000/AuthorizationRules/RootManageSharedAccessKey'.",
            "type": "Microsoft.ServiceBus/namespaces/AuthorizationRules",
            "name": "[concat(parameters('namespaces_ServiceBus000_name'), '/', parameters('AuthorizationRules_RootManageSharedAccessKey_name'))]",
            "apiVersion": "2017-04-01",
            "location": "West US",
            "scale": null,
            "properties": {
                "rights": [
                    "Listen",
                    "Manage",
                    "Send"
                ]
            },
            "dependsOn": [
                "[resourceId('Microsoft.ServiceBus/namespaces', parameters('namespaces_ServiceBus000_name'))]"
            ]
        },
        {
            "comments": "Generalized from resource: '/subscriptions/d4767cf8-4fc2-420f-a754-fa05ba6cb8f9/resourcegroups/AzurePoc/providers/Microsoft.ServiceBus/namespaces/ServiceBus000/queues/queue1'.",
            "type": "Microsoft.ServiceBus/namespaces/queues",
            "name": "[concat(parameters('namespaces_ServiceBus000_name'), '/', parameters('queues_queue1_name'))]",
            "apiVersion": "2017-04-01",
            "location": "West US",
            "scale": null,
            "properties": {
                "lockDuration": "PT30S",
                "maxSizeInMegabytes": 16384,
                "requiresDuplicateDetection": false,
                "requiresSession": false,
                "defaultMessageTimeToLive": "P14D",
                "deadLetteringOnMessageExpiration": false,
                "enableBatchedOperations": true,
                "duplicateDetectionHistoryTimeWindow": "PT10M",
                "maxDeliveryCount": 10,
                "status": "Active",
                "autoDeleteOnIdle": "P10675199DT2H48M5.4775807S",
                "enablePartitioning": true,
                "enableExpress": false
            },
            "dependsOn": [
                "[resourceId('Microsoft.ServiceBus/namespaces', parameters('namespaces_ServiceBus000_name'))]"
            ]
        }
    ]
}